TDSFU Daily run: Sat Oct 25 16:33:24 UTC 2025 TDSFU
TDSFU Daily run: Sun Oct 26 04:43:13 UTC 2025 TDSFU
TDSFU Daily run: Mon Oct 27 04:52:59 UTC 2025 TDSFU
TDSFU Daily run: Tue Oct 28 04:46:29 UTC 2025 TDSFU
TDSFU Daily run: Wed Oct 29 04:50:32 UTC 2025 TDSFU
TDSFU Daily run: Thu Oct 30 04:45:18 UTC 2025 TDSFU
TDSFU Daily run: Fri Oct 31 04:58:16 UTC 2025 TDSFU
TDSFU Daily run: Sat Nov  1 04:42:17 UTC 2025 TDSFU
TDSFU Daily run: Sun Nov  2 04:45:22 UTC 2025 TDSFU
TDSFU Daily run: Mon Nov  3 04:52:26 UTC 2025 TDSFU
